1,2,3,4,5
1,Arn,042-84411,Fredriksson,Sverige
2,Sandra,010-4870649,Emilsson,Danmark
3,Emil,075-1013190,Drejvik,Sverige
4,Markus,077-70888,Trellberg,Norge
5,Jimmy,042-74155,Axelsson,Finland
6,Alex,708495558,Fritzon,Norge
7,Andreas,46708588601,Skyborg,Danmark
8,Jenny,08-71350916,Sjöland,Sverige
9,Arn,042-84411,Fredriksson,Sverige
10,Sandra,010-4870649,Emilsson,Norge
11,Emil,075-1013190,Drejvik,Norge
12,Markus,077-70888,Trellberg,Finland
13,Jimmy,042-74155,Axelsson,Sverige
14,Alex,708495558,Fritzon,Danmark
15,Andreas,46708588601,Skyborg,Sverige
16,Jenny,08-71350916,Sjöland,Finland
17,Arn,042-84411,Fredriksson,Sverige
18,Sandra,010-4870649,Emilsson,Finland
19,Emil,075-1013190,Drejvik,Danmark
20,Markus,077-70888,Trellberg,Sverige
21,Jimmy,042-74155,Axelsson,Sverige
22,Alex,708495558,Fritzon,Norge
23,Andreas,46708588601,Skyborg,Danmark
24,Jenny,08-71350916,Sjöland,Finland
25,Arn,042-84411,Fredriksson,Sverige
26,Sandra,010-4870649,Emilsson,Danmark
27,Emil,075-1013190,Drejvik,Sverige
28,Markus,077-70888,Trellberg,Norge
29,Jimmy,042-74155,Axelsson,Norge
30,Alex,708495558,Fritzon,Danmark
31,Andreas,46708588601,Skyborg,Finland
32,Jenny,08-71350916,Sjöland,Sverige
33,Arn,042-84411,Fredriksson,Danmark
34,Sandra,010-4870649,Emilsson,Danmark
35,Emil,075-1013190,Drejvik,Sverige
36,Markus,077-70888,Trellberg,Finland
37,Jimmy,042-74155,Axelsson,Finland
38,Alex,708495558,Fritzon,Norge
39,Andreas,46708588601,Skyborg,Sverige
40,Jenny,08-71350916,Sjöland,Sverige
